day_unix,eth_usd_cents
1498089600,32097
1498176000,32685
1498262400,30454
1498348800,27936
1498435200,25368
1498521600,28614
1498608000,31586
1498694400,29290
1498780800,28068
1498867200,26100
1498953600,28399
1499040000,27641
1499126400,26905
1499212800,26600
1499299200,26588
1499385600,24094
1499472000,24567
1499558400,23772
1499644800,20576
1499731200,19055
1499817600,22415
1499904000,20541
1499990400,19714
1500076800,16910
1500163200,15542
1500249600,18997
1500336000,22709
1500422400,19441
1500508800,22633
1500595200,21633
1500681600,23047
1500768000,22832
1500854400,22548
1500940800,20359
1501027200,20288
1501113600,20293
1501200000,19121
1501286400,20614
1501372800,19678
1501459200,20133
1501545600,22590
1501632000,21812
1501718400,22439
1501804800,22060
1501891200,25309
1501977600,26456
1502064000,26994
1502150400,29651
1502236800,29528
1502323200,29828
1502409600,30932
1502496000,30802
1502582400,29662
1502668800,29916
1502755200,28652
1502841600,30138
1502928000,30030
1503014400,29262
1503100800,29302
1503187200,29820
1503273600,32185
1503360000,31337
1503446400,31740
1503532800,32528
1503619200,33006
1503705600,33286
1503792000,34788
1503878400,34766
1503964800,37235
1504051200,38386
1504137600,38833
1504224000,39142
1504310400,35103
1504396800,35245
1504483200,30370
1504569600,31794
1504656000,33892
1504742400,33537
1504828800,30672
1504915200,30379
1505001600,29921
1505088000,29795
1505174400,29410
1505260800,27584
1505347200,22314
1505433600,25957
1505520000,25449
1505606400,25840
1505692800,29753
1505779200,28300
1505865600,28356
1505952000,25777
1506038400,26294
1506124800,28614
1506211200,28260
1506297600,29489
1506384000,28864
1506470400,30997
1506556800,30277
1506643200,29258
1506729600,30277
1506816000,30395
1506902400,29681
1506988800,29181
1507075200,29168
1507161600,29499
1507248000,30833
1507334400,31126
1507420800,30949
1507507200,29695
1507593600,29846
1507680000,30286
1507766400,30289
1507852800,33683
1507939200,33881
1508025600,33658
1508112000,33423
1508198400,31614
1508284800,31354
1508371200,30741
1508457600,30308
1508544000,29955
1508630400,29403
1508716800,28527
1508803200,29650
1508889600,29635
1508976000,29554
1509062400,29636
1509148800,29335
1509235200,30404
1509321600,30680
1509408000,30364
1509494400,28942
1509580800,28492
1509667200,30451
1509753600,30004
1509840000,29580
1509926400,29682
1510012800,29184
1510099200,30735
1510185600,31966
1510272000,29686
1510358400,31423
1510444800,30602
1510531200,31460
1510617600,33472
1510704000,33120
1510790400,33032
1510876800,33172
1510963200,34665
1511049600,35460
1511136000,36771
1511222400,36052
1511308800,38084
1511395200,40657
1511481600,47043
1511568000,46461
1511654400,47054
1511740800,47524
1511827200,46627
1511913600,42742
1512000000,43485
1512086400,46158
1512172800,45796
1512259200,46281
1512345600,46693
1512432000,45396
1512518400,42248
1512604800,42115
1512691200,45174
1512777600,47286
1512864000,43649
1512950400,51329
1513036800,65652
1513123200,69909
1513209600,69358
1513296000,68427
1513382400,69283
1513468800,71771
1513555200,78599
1513641600,81250
1513728000,79917
1513814400,78939
1513900800,65783
1513987200,70044
1514073600,67591
1514160000,72314
1514246400,75348
1514332800,73994
1514419200,71669
1514505600,73960
1514592000,69299
1514678400,74127
1514764800,75722
1514851200,86197
1514937600,94110
1515024000,94483
1515110400,96388
1515196800,100836
1515283200,111775
1515369600,113611
1515456000,128924
1515542400,124899
1515628800,113932
1515715200,126103
1515801600,138502
1515888000,135948
1515974400,127869
1516060800,105026
1516147200,102469
1516233600,101297
1516320000,103736
1516406400,115050
1516492800,104909
1516579200,99964
1516665600,98447
1516752000,106178
1516838400,104637
1516924800,104858
1517011200,110908
1517097600,123158
1517184000,116996
1517270400,106375
1517356800,111131
1517443200,102619
1517529600,91747
1517616000,97087
1517702400,82759
1517788800,69508
1517875200,78501
1517961600,75181
1518048000,81355
1518134400,87788
1518220800,85075
1518307200,81124
1518393600,86527
1518480000,84098
1518566400,92011
1518652800,92795
1518739200,93802
1518825600,97477
1518912000,91390
1518998400,93979
1519084800,88552
1519171200,84010
1519257600,80463
1519344000,85470
1519430400,83349
1519516800,84028
1519603200,86762
1519689600,87110
1519776000,85331
1519862400,87205
1519948800,85706
1520035200,85589
1520121600,86720
1520208000,84558
1520294400,81514
1520380800,75113
1520467200,69883
1520553600,72692
1520640000,68230
1520726400,72036
1520812800,69702
1520899200,68996
1520985600,61315
1521072000,61056
1521158400,60053
1521244800,54979
1521331200,53738
1521417600,55555
1521504000,55757
1521590400,55991
1521676800,53989
1521763200,54383
1521849600,52016
1521936000,52301
1522022400,48625
1522108800,44878
1522195200,44593
1522281600,38390
1522368000,39382
1522454400,39407
1522540800,37885
1522627200,38468
1522713600,41593
1522800000,37865
1522886400,38136
1522972800,37035
1523059200,38498
1523145600,40072
1523232000,39902
1523318400,41565
1523404800,43042
1523491200,49395
1523577600,49496
1523664000,50279
1523750400,53415
1523836800,51167
1523923200,50303
1524009600,52578
1524096000,56725
1524182400,61716
1524268800,60517
1524355200,62133
1524441600,64413
1524528000,70335
1524614400,61773
1524700800,66145
1524787200,64333
1524873600,68302
1524960000,68931
1525046400,67004
1525132800,67081
1525219200,68674
1525305600,77762
1525392000,78421
1525478400,81658
1525564800,79039
1525651200,75240
1525737600,74779
1525824000,75127
1525910400,72361
1525996800,67780
1526083200,68364
1526169600,72934
1526256000,72741
1526342400,70564
1526428800,70672
1526515200,66838
1526601600,69357
1526688000,69605
1526774400,71515
1526860800,69984
1526947200,64084
1527033600,57701
1527120000,60259
1527206400,58477
1527292800,58576
1527379200,56964
1527465600,51203
1527552000,56659
1527638400,55712
1527724800,57723
1527811200,57901
1527897600,59053
1527984000,61904
1528070400,59131
1528156800,60823
1528243200,60630
1528329600,60444
1528416000,60067
1528502400,59486
1528588800,52474
1528675200,53115
1528761600,49453
1528848000,47630
1528934400,51983
1529020800,48751
1529107200,49722
1529193600,49693
1529280000,51763
1529366400,53845
1529452800,53616
1529539200,52576
1529625600,46216
1529712000,47418
1529798400,45525
1529884800,45882
1529971200,42958
1530057600,44175
1530144000,42072
1530230400,43525
1530316800,45342
1530403200,45109
1530489600,47658
1530576000,46195
1530662400,46719
1530748800,46755
1530835200,46993
1530921600,48581
1531008000,48619
1531094400,47148
1531180800,43269
1531267200,44559
1531353600,43112
1531440000,43297
1531526400,43442
1531612800,45034
1531699200,48020
1531785600,49983
1531872000,47985
1531958400,46891
1532044800,44913
1532131200,46113
1532217600,45798
1532304000,44973
1532390400,47839
1532476800,47199
1532563200,46298
1532649600,46994
1532736000,46875
1532822400,46630
1532908800,45622
1532995200,43171
1533081600,41987
1533168000,41136
1533254400,41776
1533340800,40732
1533427200,40937
1533513600,40570
1533600000,37832
1533686400,35557
1533772800,36433
1533859200,33228
1533945600,31862
1534032000,31855
1534118400,28403
1534204800,27831
1534291200,28124
1534377600,28680
1534464000,31757
1534550400,29485
1534636800,30053
1534723200,27161
1534809600,28178
1534896000,27037
1534982400,27666
1535068800,28204
1535155200,27822
1535241600,27481
1535328000,28790
1535414400,29621
1535500800,28920
1535587200,28457
1535673600,28206
1535760000,29577
1535846400,29512
1535932800,28942
1536019200,28573
1536105600,22827
1536192000,22952
1536278400,21569
1536364800,19723
1536451200,19599
1536537600,19720
1536624000,18515
1536710400,18303
1536796800,21127
1536883200,20887
1536969600,22163
1537056000,22012
1537142400,19604
1537228800,20839
1537315200,20978
1537401600,22476
1537488000,24769
1537574400,24079
1537660800,24451
1537747200,22805
1537833600,21920
1537920000,21421
1538006400,22909
1538092800,22156
1538179200,23132
1538265600,23282
1538352000,23096
1538438400,22559
1538524800,22002
1538611200,22220
1538697600,22817
1538784000,22505
1538870400,22602
1538956800,22923
1539043200,22767
1539129600,22520
1539216000,18983
1539302400,19571
1539388800,19930
1539475200,19492
1539561600,21080
1539648000,20967
1539734400,20775
1539820800,20225
1539907200,20301
1539993600,20497
1540080000,20500
1540166400,20364
1540252800,20329
1540339200,20258
1540425600,20170
1540512000,20243
1540598400,20329
1540684800,20454
1540771200,19592
1540857600,19665
1540944000,19802
1541030400,19897
1541116800,20111
1541203200,19990
1541289600,21154
1541376000,20955
1541462400,21934
1541548800,21744
1541635200,21169
1541721600,20952
1541808000,21204
1541894400,21166
1541980800,21031
1542067200,20590
1542153600,18272
1542240000,18153
1542326400,17496
1542412800,17447
1542499200,17739
1542585600,14822
1542672000,13074
1542758400,13650
1542844800,12508
1542931200,12337
1543017600,11266
1543104000,11675
1543190400,10887
1543276800,10987
1543363200,12288
1543449600,11776
1543536000,11291
1543622400,11824
1543708800,11624
1543795200,10832
1543881600,10977
1543968000,10185
1544054400,9043
1544140800,9361
1544227200,9168
1544313600,9449
1544400000,9077
1544486400,8832
1544572800,9038
1544659200,8640
1544745600,8412
1544832000,8430
1544918400,8539
1545004800,9506
1545091200,10193
1545177600,10063
1545264000,11643
1545350400,10940
1545436800,11772
1545523200,13145
1545609600,14087
1545696000,13099
1545782400,13171
1545868800,11672
1545955200,13973
1546041600,13704
1546128000,14104
1546214400,13314
1546300800,14190
1546387200,15610
1546473600,14910
1546560000,15604
1546646400,15622
1546732800,15829
1546819200,15225
1546905600,15068
1546992000,15121
1547078400,12796
1547164800,12699
1547251200,12605
1547337600,11666
1547424000,12971
1547510400,12138
1547596800,12331
1547683200,12405
1547769600,12079
1547856000,12480
1547942400,11848
1548028800,11712
1548115200,11883
1548201600,11709
1548288000,11728
1548374400,11573
1548460800,11638
1548547200,11259
1548633600,10602
1548720000,10474
1548806400,10852
1548892800,10646
1548979200,10672
1549065600,11056
1549152000,10704
1549238400,10661
1549324800,10657
1549411200,10426
1549497600,10369
1549584000,11924
1549670400,11884
1549756800,12522
1549843200,12026
1549929600,12187
1550016000,12173
1550102400,12044
1550188800,12071
1550275200,12262
1550361600,13399
1550448000,14629
1550534400,14406
1550620800,14887
1550707200,14555
1550793600,14819
1550880000,15899
1550966400,13321
1551052800,13852
1551139200,13668
1551225600,13545
1551312000,13569
1551398400,13556
1551484800,13323
1551571200,13072
1551657600,12619
1551744000,13726
1551830400,13783
1551916800,13709
1552003200,13372
1552089600,13746
1552176000,13589
1552262400,13275
1552348800,13369
1552435200,13214
1552521600,13228
1552608000,13666
1552694400,14171
1552780800,13921
1552867200,13766
1552953600,13883
1553040000,13951
1553126400,13534
1553212800,13647
1553299200,13725
1553385600,13620
1553472000,13355
1553558400,13400
1553644800,13971
1553731200,13817
1553817600,14349
1553904000,14257
1553990400,14181
1554076800,14152
1554163200,16502
1554249600,16119
1554336000,15777
1554422400,16631
1554508800,16598
1554595200,17523
1554681600,18074
1554768000,17627
1554854400,17743
1554940800,16514
1555027200,16434
1555113600,16411
1555200000,16819
1555286400,16029
1555372800,16665
1555459200,16683
1555545600,17419
1555632000,17391
1555718400,17395
1555804800,17010
1555891200,17177
1555977600,17060
1556064000,16604
1556150400,15297
1556236800,15561
1556323200,15709
1556409600,15675
1556496000,15510
1556582400,16266
1556668800,16045
1556755200,16205
1556841600,16742
1556928000,16387
1557014400,16345
1557100800,17308
1557187200,16836
1557273600,17126
1557360000,17041
1557446400,17244
1557532800,19273
1557619200,18819
1557705600,19602
1557792000,21730
1557878400,24862
1557964800,26457
1558051200,24475
1558137600,23404
1558224000,26071
1558310400,25243
1558396800,25473
1558483200,24360
1558569600,24551
1558656000,24965
1558742400,25161
1558828800,26798
1558915200,27190
1559001600,27116
1559088000,26938
1559174400,25466
1559260800,26781
1559347200,26463
1559433600,26930
1559520000,24985
1559606400,24100
1559692800,24620
1559779200,24945
1559865600,24968
1559952000,24452
1560038400,23144
1560124800,24793
1560211200,24528
1560297600,26296
1560384000,25522
1560470400,26377
1560556800,26906
1560643200,26848
1560729600,27401
1560816000,26455
1560902400,26895
1560988800,27190
1561075200,29594
1561161600,30957
1561248000,30722
1561334400,31110
1561420800,31617
1561507200,33445
1561593600,29391
1561680000,30962
1561766400,31778
1561852800,29055
1561939200,29414
1562025600,29160
1562112000,30218
1562198400,28293
1562284800,28802
1562371200,28797
1562457600,30648
1562544000,31318
1562630400,30814
1562716800,28881
1562803200,26849
1562889600,27547
1562976000,26899
1563062400,22664
1563148800,22818
1563235200,19865
1563321600,21138
1563408000,22585
1563494400,22130
1563580800,22875
1563667200,22539
1563753600,21715
1563840000,21186
1563926400,21655
1564012800,21909
1564099200,21930
1564185600,20720
1564272000,21113
1564358400,21086
1564444800,21014
1564531200,21863
1564617600,21756
1564704000,21774
1564790400,22214
1564876800,22276
1564963200,23333
1565049600,22602
1565136000,22607
1565222400,22108
1565308800,21037
1565395200,20600
1565481600,21620
1565568000,21135
1565654400,20874
1565740800,18649
1565827200,18813
1565913600,18535
1566000000,18561
1566086400,19475
1566172800,20239
1566259200,19678
1566345600,18723
1566432000,19046
1566518400,19447
1566604800,19102
1566691200,18661
1566777600,18843
1566864000,18713
1566950400,17297
1567036800,16897
1567123200,16854
1567209600,17218
1567296000,17134
1567382400,17877
1567468800,17903
1567555200,17497
1567641600,17365
1567728000,16908
1567814400,17815
1567900800,18174
1567987200,18072
1568073600,17995
1568160000,17829
1568246400,18105
1568332800,18152
1568419200,18865
1568505600,18924
1568592000,19763
1568678400,20785
1568764800,21038
1568851200,22104
1568937600,21818
1569024000,21525
1569110400,21128
1569196800,20097
1569283200,16666
1569369600,17038
1569456000,16610
1569542400,17428
1569628800,17393
1569715200,16969
1569801600,18134
1569888000,17644
1569974400,18109
1570060800,17515
1570147200,17610
1570233600,17710
1570320000,17035
1570406400,18040
1570492800,18104
1570579200,19343
1570665600,19196
1570752000,18088
1570838400,18006
1570924800,18152
1571011200,18710
1571097600,18072
1571184000,17495
1571270400,17741
1571356800,17340
1571443200,17231
1571529600,17583
1571616000,17433
1571702400,17138
1571788800,16253
1571875200,16102
1571961600,18166
1572048000,17990
1572134400,18423
1572220800,18214
1572307200,19102
1572393600,18331
1572480000,18251
1572566400,18345
1572652800,18326
1572739200,18203
1572825600,18626
1572912000,18899
1572998400,19125
1573084800,18647
1573171200,18360
1573257600,18518
1573344000,18933
1573430400,18474
1573516800,18706
1573603200,18802
1573689600,18473
1573776000,17996
1573862400,18264
1573948800,18410
1574035200,17814
1574121600,17593
1574208000,17466
1574294400,16112
1574380800,15000
1574467200,15244
1574553600,14047
1574640000,14633
1574726400,14770
1574812800,15304
1574899200,15123
1574985600,15508
1575072000,15204
1575158400,15123
1575244800,14920
1575331200,14766
1575417600,14567
1575504000,14836
1575590400,14906
1575676800,14752
1575763200,15094
1575849600,14753
1575936000,14576
1576022400,14337
1576108800,14485
1576195200,14487
1576281600,14203
1576368000,14272
1576454400,13291
1576540800,12223
1576627200,13313
1576713600,12822
1576800000,12844
1576886400,12744
1576972800,13231
1577059200,12800
1577145600,12786
1577232000,12497
1577318400,12562
1577404800,12636
1577491200,12818
1577577600,13467
1577664000,13145
1577750400,12902
1577836800,13057
1577923200,12705
1578009600,13424
1578096000,13420
1578182400,13550
1578268800,14415
1578355200,14289
1578441600,14047
1578528000,13774
1578614400,14480
1578700800,14252
1578787200,14637
1578873600,14349
1578960000,16566
1579046400,16604
1579132800,16410
1579219200,16998
1579305600,17391
1579392000,16692
1579478400,16664
1579564800,16909
1579651200,16797
1579737600,16251
1579824000,16240
1579910400,16066
1579996800,16766
1580083200,16970
1580169600,17582
1580256000,17347
1580342400,18442
1580428800,17965
1580515200,18365
1580601600,18837
1580688000,18968
1580774400,18839
1580860800,20386
1580947200,21287
1581033600,22324
1581120000,22321
1581206400,22865
1581292800,22319
1581379200,23774
1581465600,26594
1581552000,26852
1581638400,28564
1581724800,26467
1581811200,25995
1581897600,26750
1581984000,28308
1582070400,25879
1582156800,25771
1582243200,26562
1582329600,26210
1582416000,27558
1582502400,26586
1582588800,24679
1582675200,22397
1582761600,22759
1582848000,22775
1582934400,21791
1583020800,21827
1583107200,23209
1583193600,22396
1583280000,22487
1583366400,22878
1583452800,24568
1583539200,23764
1583625600,19975
1583712000,20306
1583798400,20060
1583884800,19482
1583971200,11023
1584057600,13518
1584144000,12270
1584230400,12364
1584316800,11134
1584403200,11620
1584489600,11860
1584576000,13681
1584662400,13331
1584748800,13283
1584835200,12251
1584921600,13664
1585008000,13900
1585094400,13623
1585180800,13881
1585267200,13168
1585353600,13124
1585440000,12453
1585526400,13229
1585612800,13310
1585699200,13607
1585785600,14146
1585872000,14148
1585958400,14453
1586044800,14282
1586131200,17178
1586217600,16470
1586304000,17321
1586390400,16989
1586476800,15816
1586563200,15855
1586649600,15881
1586736000,15681
1586822400,15864
1586908800,15294
1586995200,17260
1587081600,17079
1587168000,18785
1587254400,18032
1587340800,17065
1587427200,17103
1587513600,18302
1587600000,18573
1587686400,18766
1587772800,19441
1587859200,19762
1587945600,19671
1588032000,19688
1588118400,21558
1588204800,20644
1588291200,21216
1588377600,21411
1588464000,21012
1588550400,20676
1588636800,20543
1588723200,19908
1588809600,21230
1588896000,21146
1588982400,21019
1589068800,18772
1589155200,18577
1589241600,19010
1589328000,19986
1589414400,20331
1589500800,19471
1589587200,20060
1589673600,20676
1589760000,21468
1589846400,21468
1589932800,20987
1590019200,19856
1590105600,20735
1590192000,20678
1590278400,19991
1590364800,20420
1590451200,20104
1590537600,20830
1590624000,22033
1590710400,22063
1590796800,24366
1590883200,23154
1590969600,24844
1591056000,23781
1591142400,24465
1591228800,24335
1591315200,24008
1591401600,24208
1591488000,24475
1591574400,24647
1591660800,24400
1591747200,24801
1591833600,23021
1591920000,23754
1592006400,23821
1592092800,23161
1592179200,23098
1592265600,23535
1592352000,23374
1592438400,23114
1592524800,22883
1592611200,22893
1592697600,22795
1592784000,24330
1592870400,24311
1592956800,23456
1593043200,23235
1593129600,22950
1593216000,22077
1593302400,22482
1593388800,22784
1593475200,22549
1593561600,23106
1593648000,22659
1593734400,22512
1593820800,22919
1593907200,22803
1593993600,24181
1594080000,23939
1594166400,24702
1594252800,24215
1594339200,24122
1594425600,23924
1594512000,24266
1594598400,23954
1594684800,24047
1594771200,23847
1594857600,23361
1594944000,23277
1595030400,23585
1595116800,23916
1595203200,23617
1595289600,24587
1595376000,26418
1595462400,27565
1595548800,27960
1595635200,30567
1595721600,31147
1595808000,32223
1595894400,31750
1595980800,31814
1596067200,33530
1596153600,34694
1596240000,38745
1596326400,37193
1596412800,38625
1596499200,38979
1596585600,40098
1596672000,39504
1596758400,37957
1596844800,39756
1596931200,39028
1597017600,39571
1597104000,37894
1597190400,38719
1597276800,42497
1597363200,43851
1597449600,43257
1597536000,43385
1597622400,43126
1597708800,42219
1597795200,40785
1597881600,41604
1597968000,38798
1598054400,39546
1598140800,39072
1598227200,40803
1598313600,38334
1598400000,38602
1598486400,38299
1598572800,39554
1598659200,39895
1598745600,42918
1598832000,43414
1598918400,47599
1599004800,43983
1599091200,38246
1599177600,38591
1599264000,33524
1599350400,35269
1599436800,35370
1599523200,33745
1599609600,35115
1599696000,36809
1599782400,37399
1599868800,38804
1599955200,36628
1600041600,37726
1600128000,36416
1600214400,36509
1600300800,38954
1600387200,38447
1600473600,38527
1600560000,37102
1600646400,34019
1600732800,34425
1600819200,32019
1600905600,34918
1600992000,35202
1601078400,35423
1601164800,35773
1601251200,35401
1601337600,35992
1601424000,35982
1601510400,35321
1601596800,34583
1601683200,34632
1601769600,35261
1601856000,35376
1601942400,34085
1602028800,34191
1602115200,35120
1602201600,36541
1602288000,37088
1602374400,37437
1602460800,38691
1602547200,38141
1602633600,37911
1602720000,37770
1602806400,36558
1602892800,36865
1602979200,37844
1603065600,37941
1603152000,36874
1603238400,39146
1603324800,41450
1603411200,40957
1603497600,41255
1603584000,40636
1603670400,39311
1603756800,40374
1603843200,38877
1603929600,38754
1604016000,38276
1604102400,38677
1604188800,39675
1604275200,38361
1604361600,38818
1604448000,40266
1604534400,41689
1604620800,45632
1604707200,43582
1604793600,45474
1604880000,44445
1604966400,45086
1605052800,46391
1605139200,46278
1605225600,47687
1605312000,46103
1605398400,44851
1605484800,46101
1605571200,48271
1605657600,47876
1605744000,47182
1605830400,51043
1605916800,55226
1606003200,56001
1606089600,60913
1606176000,60498
1606262400,56940
1606348800,52022
1606435200,51883
1606521600,53799
1606608000,57600
1606694400,61614
1606780800,58623
1606867200,59826
1606953600,61655
1607040000,56767
1607126400,59693
1607212800,60230
1607299200,59136
1607385600,55482
1607472000,57344
1607558400,55836
1607644800,54414
1607731200,56826
1607817600,59072
1607904000,58635
1607990400,58917
1608076800,63774
1608163200,64316
1608249600,65455
1608336000,65870
1608422400,63817
1608508800,60790
1608595200,63723
1608681600,58525
1608768000,61232
1608854400,62683
1608940800,63607
1609027200,68398
1609113600,72959
1609200000,73155
1609286400,75253
1609372800,73715
1609459200,73060
1609545600,77490
1609632000,97869
1609718400,104316
1609804800,110319
1609891200,121059
1609977600,122550
1610064000,121698
1610150400,127996
1610236800,125572
1610323200,108837
1610409600,105004
1610496000,112984
1610582400,123211
1610668800,116906
1610755200,122852
1610841600,123373
1610928000,125831
1611014400,136765
1611100800,137775
1611187200,111149
1611273600,123456
1611360000,123410
1611446400,139245
1611532800,131847
1611619200,136822
1611705600,124151
1611792000,133078
1611878400,137913
1611964800,137935
1612051200,131418
1612137600,137457
1612224000,151390
1612310400,166722
1612396800,159744
1612483200,172148
1612569600,167914
1612656000,161464
1612742400,175287
1612828800,177205
1612915200,174300
1613001600,178769
1613088000,184484
1613174400,181748
1613260800,180296
1613347200,177940
1613433600,178283
1613520000,185114
1613606400,193961
1613692800,195747
1613779200,191512
1613865600,193514
1613952000,177807
1614038400,157819
1614124800,162517
1614211200,148188
1614297600,144610
1614384000,146023
1614470400,142258
1614556800,157149
1614643200,148867
1614729600,156865
1614816000,153837
1614902400,152975
1614988800,165148
1615075200,172633
1615161600,183448
1615248000,187210
1615334400,179563
1615420800,182706
1615507200,176777
1615593600,192118
1615680000,184869
1615766400,179483
1615852800,180564
1615939200,182303
1616025600,177616
1616112000,180976
1616198400,180549
1616284800,178394
1616371200,168205
1616457600,166869
1616544000,158324
1616630400,158698
1616716800,169989
1616803200,171394
1616889600,168674
1616976000,181648
1617062400,184140
1617148800,191908
1617235200,196767
1617321600,213446
1617408000,200919
1617494400,207662
1617580800,210773
1617667200,211229
1617753600,196418
1617840000,208111
1617926400,206655
1618012800,213382
1618099200,215054
1618185600,213779
1618272000,229866
1618358400,243186
1618444800,251708
1618531200,242596
1618617600,231801
1618704000,224096
1618790400,216336
1618876800,233245
1618963200,235759
1619049600,240135
1619136000,236967
1619222400,221656
1619308800,232214
1619395200,253490
1619481600,266793
1619568000,275091
1619654400,275846
1619740800,277596
1619827200,294780
1619913600,295198
1620000000,343141
1620086400,324109
1620172800,352886
1620259200,349174
1620345600,348396
1620432000,391625
1620518400,392706
1620604800,394977
1620691200,417802
1620777600,381129
1620864000,371899
1620950400,408013
1621036800,364404
1621123200,358618
1621209600,328073
1621296000,337765
1621382400,244289
1621468800,277284
1621555200,243586
1621641600,229703
1621728000,209857
1621814400,264877
1621900800,270749
1621987200,288894
1622073600,274248
1622160000,241236
1622246400,227858
1622332800,238691
1622419200,270738
1622505600,263423
1622592000,270652
1622678400,285601
1622764800,269117
1622851200,262976
1622937600,271099
1623024000,259312
1623110400,250923
1623196800,261064
1623283200,247156
1623369600,235509
1623456000,236962
1623542400,250970
1623628800,258212
1623715200,254360
1623801600,236770
1623888000,237231
1623974400,223357
1624060800,216661
1624147200,224360
1624233600,188789
1624320000,188083
1624406400,196856
1624492800,198901
1624579200,181027
1624665600,183094
1624752000,198333
1624838400,208380
1624924800,216561
1625011200,227614
1625097600,210929
1625184000,215565
1625270400,222718
1625356800,232327
1625443200,219671
1625529600,232263
1625616000,231712
1625702400,211451
1625788800,214567
1625875200,211047
1625961600,214045
1626048000,203288
1626134400,194061
1626220800,199422
1626307200,191817
1626393600,187705
1626480000,189996
1626566400,189196
1626652800,181860
1626739200,178652
1626825600,199498
1626912000,202474
1626998400,212557
1627084800,218598
1627171200,219434
1627257600,222867
1627344000,230198
1627430400,230112
1627516800,238324
1627603200,246361
1627689600,253175
1627776000,255641
1627862400,260844
1627948800,250821
1628035200,272572
1628121600,282923
1628208000,289236
1628294400,316243
1628380800,301375
1628467200,316494
1628553600,314167
1628640000,316342
1628726400,304729
1628812800,332426
1628899200,326671
1628985600,331112
1629072000,314763
1629158400,301196
1629244800,301352
1629331200,318474
1629417600,328650
1629504000,322659
1629590400,324165
1629676800,332271
1629763200,317257
1629849600,322886
1629936000,309362
1630022400,327587
1630108800,324678
1630195200,322530
1630281600,322846
1630368000,343517
1630454400,382918
1630540800,378770
1630627200,393979
1630713600,388701
1630800000,395233
1630886400,392840
1630972800,343348
1631059200,349969
1631145600,342424
1631232000,320941
1631318400,326643
1631404800,340532
1631491200,328540
1631577600,343605
1631664000,361522
1631750400,356926
1631836800,339882
1631923200,343576
1632009600,332885
1632096000,296651
1632182400,276020
1632268800,307888
1632355200,315462
1632441600,293086
1632528000,292534
1632614400,306421
1632700800,292773
1632787200,280744
1632873600,285087
1632960000,300083
1633046400,331063
1633132800,338948
1633219200,342014
1633305600,338450
1633392000,351609
1633478400,357608
1633564800,358812
1633651200,356284
1633737600,357640
1633824000,341649
1633910400,354414
1633996800,349061
1634083200,360755
1634169600,379123
1634256000,386816
1634342400,382961
1634428800,384666
1634515200,374614
1634601600,387745
1634688000,416249
1634774400,406276
1634860800,397195
1634947200,416896
1635033600,408208
1635120000,422026
1635206400,412995
1635292800,392431
1635379200,428822
1635465600,441740
1635552000,432394
1635638400,429010
1635724800,432279
1635811200,459315
1635897600,460440
1635984000,453699
1636070400,448009
1636156800,452141
1636243200,461713
1636329600,481097
1636416000,473207
1636502400,463298
1636588800,472268
1636675200,466870
1636761600,464564
1636848000,462750
1636934400,456138
1637020800,421014
1637107200,428975
1637193600,399817
1637280000,429927
1637366400,441572
1637452800,426461
1637539200,409046
1637625600,434117
1637712000,427196
1637798400,452380
1637884800,404255
1637971200,410030
1638057600,429792
1638144000,444849
1638230400,463110
1638316800,458774
1638403200,451480
1638489600,421932
1638576000,412426
1638662400,420109
1638748800,435717
1638835200,430970
1638921600,443998
1639008000,411192
1639094400,390249
1639180800,408868
1639267200,413531
1639353600,378508
1639440000,386218
1639526400,402019
1639612800,395703
1639699200,387637
1639785600,396196
1639872000,392455
1639958400,394557
1640044800,401770
1640131200,398126
1640217600,411235
1640304000,404787
1640390400,409706
1640476800,406344
1640563200,403787
1640649600,379354
1640736000,362931
1640822400,371008
1640908800,367579
1640995200,376674
1641081600,383092
1641168000,376516
1641254400,378567
1641340800,353677
1641427200,340648
1641513600,319647
1641600000,308081
1641686400,315083
1641772800,308368
1641859200,324032
1641945600,337303
1642032000,324226
1642118400,330966
1642204800,332863
1642291200,334961
1642377600,321090
1642464000,316150
1642550400,308478
1642636800,300243
1642723200,256959
1642809600,241223
1642896000,254160
1642982400,244227
1643068800,245965
1643155200,246413
1643241600,242583
1643328000,254703
1643414400,260310
1643500800,260324
1643587200,268914
1643673600,279015
1643760000,268111
1643846400,269718
1643932800,299718
1644019200,301526
1644105600,305768
1644192000,314138
1644278400,311876
1644364800,324672
1644451200,307484
1644537600,292893
1644624000,291834
1644710400,287244
1644796800,293112
1644883200,318581
1644969600,312433
1645056000,289442
1645142400,278072
1645228800,276450
1645315200,262270
1645401600,257015
1645488000,263881
1645574400,258097
1645660800,259794
1645747200,276900
1645833600,278032
1645920000,261732
1646006400,291985
1646092800,297659
1646179200,294903
1646265600,283371
1646352000,262251
1646438400,266618
1646524800,255258
1646611200,249667
1646697600,257918
1646784000,273305
1646870400,260864
1646956800,255757
1647043200,256987
1647129600,251683
1647216000,259145
1647302400,261961
1647388800,277515
1647475200,281464
1647561600,294132
1647648000,295264
1647734400,286126
1647820800,289501
1647907200,297047
1647993600,303730
1648080000,311285
1648166400,310404
1648252800,314636
1648339200,329646
1648425600,333429
1648512000,340262
1648598400,338511
1648684800,328278
1648771200,345572
1648857600,344468
1648944000,352249
1649030400,352015
1649116800,340648
1649203200,316891
1649289600,322928
1649376000,319292
1649462400,325962
1649548800,320289
1649635200,297952
1649721600,302877
1649808000,311850
1649894400,302176
1649980800,304121
1650067200,306028
1650153600,298840
1650240000,305620
1650326400,310252
1650412800,307774
1650499200,298424
1650585600,296317
1650672000,293365
1650758400,292237
1650844800,300645
1650931200,280960
1651017600,288972
1651104000,293649
1651190400,281723
1651276800,272698
1651363200,282604
1651449600,285612
1651536000,278063
1651622400,294031
1651708800,274728
1651795200,269208
1651881600,263519
1651968000,251908
1652054400,223095
1652140800,234158
1652227200,207783
1652313600,195281
1652400000,200651
1652486400,205403
1652572800,214312
1652659200,202012
1652745600,208929
1652832000,191168
1652918400,201778
1653004800,195688
1653091200,197287
1653177600,204108
1653264000,197070
1653350400,197785
1653436800,194104
1653523200,179100
1653609600,172473
1653696000,179079
1653782400,181169
1653868800,199764
1653955200,194059
1654041600,181742
1654128000,183326
1654214400,177359
1654300800,180365
1654387200,180470
1654473600,185856
1654560000,181270
1654646400,179103
1654732800,178771
1654819200,166110
1654905600,153028
1654992000,143402
1655078400,120912
1655164800,120694
1655251200,123689
1655337600,106710
1655424000,108521
1655510400,99441
1655596800,112703
1655683200,112699
1655769600,112471
1655856000,104830
1655942400,114346
1656028800,122412
1656115200,124100
1656201600,119825
1656288000,119073
1656374400,114241
1656460800,109871
1656547200,106953
1656633600,105801
1656720000,106569
1656806400,107295
1656892800,114981
1656979200,113196
1657065600,118541
1657152000,123664
1657238400,121400
1657324800,121653
1657411200,116731
1657497600,109567
1657584000,103737
1657670400,111457
1657756800,119256
1657843200,123123
1657929600,135631
1658016000,133797
1658102400,158355
1658188800,154312
1658275200,152172
1658361600,157568
1658448000,153571
1658534400,154919
1658620800,159772
1658707200,143801
1658793600,144961
1658880000,163688
1658966400,172582
1659052800,172228
1659139200,169752
1659225600,167955
1659312000,163062
1659398400,163111
1659484800,161868
1659571200,160796
1659657600,173678
1659744000,169067
1659830400,170054
1659916800,177799
1660003200,170341
1660089600,185405
1660176000,188106
1660262400,195926
1660348800,198429
1660435200,193602
1660521600,189964
1660608000,187716
1660694400,183404
1660780800,184636
1660867200,160905
1660953600,157573
1661040000,161786
1661126400,162465
1661212800,166476
1661299200,165652
1661385600,169585
1661472000,150809
1661558400,149126
1661644800,142640
1661731200,155240
1661817600,152462
1661904000,155416
1661990400,158598
1662076800,157591
1662163200,155754
1662249600,157906
1662336000,161750
1662422400,155890
1662508800,163000
1662595200,163560
1662681600,171935
1662768000,177469
1662854400,176702
1662940800,171653
1663027200,157456
1663113600,163960
1663200000,147251
1663286400,143397
1663372800,146905
1663459200,133430
1663545600,137621
1663632000,132307
1663718400,124629
1663804800,132615
1663891200,132695
1663977600,131711
1664064000,129472
1664150400,133665
1664236800,132811
1664323200,133715
1664409600,133590
1664496000,132870
1664582400,131180
1664668800,127669
1664755200,132332
1664841600,136190
1664928000,135244
1665014400,135240
1665100800,133114
1665187200,131547
1665273600,132341
1665360000,129004
1665446400,127979
1665532800,129429
1665619200,128751
1665705600,129663
1665792000,127491
1665878400,130587
1665964800,133152
1666051200,131078
1666137600,128485
1666224000,128268
1666310400,129988
1666396800,131391
1666483200,136420
1666569600,134383
1666656000,146037
1666742400,156685
1666828800,151435
1666915200,155512
1667001600,162042
1667088000,159093
1667174400,157288
1667260800,157851
1667347200,151833
1667433600,153087
1667520000,164506
1667606400,162742
1667692800,156875
1667779200,156845
1667865600,133422
1667952000,110417
1668038400,129601
1668124800,128523
1668211200,125495
1668297600,121985
1668384000,124139
1668470400,125200
1668556800,121524
1668643200,119945
1668729600,121098
1668816000,121652
1668902400,114047
1668988800,110599
1669075200,113775
1669161600,118369
1669248000,120296
1669334400,119840
1669420800,120494
1669507200,119320
1669593600,116730
1669680000,121570
1669766400,129492
1669852800,127636
1669939200,129561
1670025600,124113
1670112000,127989
1670198400,125937
1670284800,127138
1670371200,123135
1670457600,128028
1670544000,126295
1670630400,126634
1670716800,126327
1670803200,127537
1670889600,132043
1670976000,130750
1671062400,126659
1671148800,116785
1671235200,118711
1671321600,118319
1671408000,116768
1671494400,121696
1671580800,121384
1671667200,121751
1671753600,121997
1671840000,122049
1671926400,121830
1672012800,122730
1672099200,121107
1672185600,118927
1672272000,120006
1672358400,119912
1672444800,119500
1672531200,120010
1672617600,121398
1672704000,121411
1672790400,125642
1672876800,125073
1672963200,126871
1673049600,126386
1673136000,128862
1673222400,132011
1673308800,133542
1673395200,138895
1673481600,141605
1673568000,145118
1673654400,155007
1673740800,155271
1673827200,157702
1673913600,156515
1674000000,151228
1674086400,155120
1674172800,165902
1674259200,162668
1674345600,162779
1674432000,162647
1674518400,155612
1674604800,161094
1674691200,160135
1674777600,159786
1674864000,157246
1674950400,164546
1675036800,156649
1675123200,158547
1675209600,164161
1675296000,164274
1675382400,166397
1675468800,166689
1675555200,162980
1675641600,161431
1675728000,167161
1675814400,165095
1675900800,154578
1675987200,151379
1676073600,153879
1676160000,151542
1676246400,150637
1676332800,155614
1676419200,167534
1676505600,163841
1676592000,169430
1676678400,169198
1676764800,168125
1676851200,170353
1676937600,165964
1677024000,164328
1677110400,165059
1677196800,160786
1677283200,159489
1677369600,164193
1677456000,163397
1677542400,160500
1677628800,166545
1677715200,164779
1677801600,156958
1677888000,156693
1677974400,156476
1678060800,156591
1678147200,156165
1678233600,153244
1678320000,143754
1678406400,143140
1678492800,148320
1678579200,159186
1678665600,168071
1678752000,170506
1678838400,165294
1678924800,167686
1679011200,179304
1679097600,176335
1679184000,178566
1679270400,173839
1679356800,180698
1679443200,173878
1679529600,181743
1679616000,175194
1679702400,174378
1679788800,177576
1679875200,171629
1679961600,177360
1680048000,179338
1680134400,179389
1680220800,182207
1680307200,182179
1680393600,179571
1680480000,181094
1680566400,187146
1680652800,190928
1680739200,187291
1680825600,186489
1680912000,184991
1680998400,185973
1681084800,191114
1681171200,189150
1681257600,191862
1681344000,201397
1681430400,210173
1681516800,209241
1681603200,212017
1681689600,207588
1681776000,210471
1681862400,193592
1681948800,194343
1682035200,184909
1682121600,187458
1682208000,186238
1682294400,184255
1682380800,186652
1682467200,186680
1682553600,190945
1682640000,189605
1682726400,191123
1682812800,187240
1682899200,183265
1682985600,187176
1683072000,190604
1683158400,187859
1683244800,199613
1683331200,190194
1683417600,187947
1683504000,185394
1683590400,184891
1683676800,184262
1683763200,179551
1683849600,180828
1683936000,179608
1684022400,180016
1684108800,181704
1684195200,182454
1684281600,182222
1684368000,180084
1684454400,181274
1684540800,182000
1684627200,180538
1684713600,181783
1684800000,185448
1684886400,179999
1684972800,180604
1685059200,182868
1685145600,183098
1685232000,190928
1685318400,189317
1685404800,190119
1685491200,187403
1685577600,186224
1685664000,190736
1685750400,189263
1685836800,189037
1685923200,181147
1686009600,188635
1686096000,183256
1686182400,184612
1686268800,184051
1686355200,175249
1686441600,175315
1686528000,174266
1686614400,173940
1686700800,165080
1686787200,166543
1686873600,171687
1686960000,172725
1687046400,172051
1687132800,173679
1687219200,179270
1687305600,188961
1687392000,187242
1687478400,189352
1687564800,187591
1687651200,189941
1687737600,185919
1687824000,188980
1687910400,182754
1687996800,185208
1688083200,193362
1688169600,192432
1688256000,193746
1688342400,195581
1688428800,193637
1688515200,191036
1688601600,184623
1688688000,187078
1688774400,186562
1688860800,186309
1688947200,188069
1689033600,187862
1689120000,187183
1689206400,200575
1689292800,193913
1689379200,193184
1689465600,192331
1689552000,191156
1689638400,189776
1689724800,188880
1689811200,189177
1689897600,189192
1689984000,186658
1690070400,188872
1690156800,184987
1690243200,185751
1690329600,187194
1690416000,186095
1690502400,187432
1690588800,188090
1690675200,186171
1690761600,185601
1690848000,187296
1690934400,183907
1691020800,183444
1691107200,182752
1691193600,183490
1691280000,182781
1691366400,182707
1691452800,185578
1691539200,185414
1691625600,185051
1691712000,184701
1691798400,184908
1691884800,183907
1691971200,184402
1692057600,182721
1692144000,180568
1692230400,168174
1692316800,166134
1692403200,166967
1692489600,168538
1692576000,166737
1692662400,163423
1692748800,167923
1692835200,166046
1692921600,165294
1693008000,164630
1693094400,165760
1693180800,165222
1693267200,172938
1693353600,170551
1693440000,164567
1693526400,162851
1693612800,163688
1693699200,163572
1693785600,162977
1693872000,163383
1693958400,163235
1694044800,164763
1694131200,163613
1694217600,163527
1694304000,161678
1694390400,155153
1694476800,159309
1694563200,160797
1694649600,162701
1694736000,164148
1694822400,163486
1694908800,162281
1694995200,163719
1695081600,164358
1695168000,162239
1695254400,158404
1695340800,159313
1695427200,159391
1695513600,158076
1695600000,158804
1695686400,159327
1695772800,159773
1695859200,165290
1695945600,166744
1696032000,167097
1696118400,173344
1696204800,166280
1696291200,165696
1696377600,164679
1696464000,161172
1696550400,164593
1696636800,163464
1696723200,163361
1696809600,158025
1696896000,156768
1696982400,156652
1697068800,153943
1697155200,155212
1697241600,155502
1697328000,155799
1697414400,160009
1697500800,156540
1697587200,156366
1697673600,156755
1697760000,160486
1697846400,162944
1697932800,166418
1698019200,176632
1698105600,178520
1698192000,178767
1698278400,180372
1698364800,177998
1698451200,177659
1698537600,179569
1698624000,180985
1698710400,181545
1698796800,184763
1698883200,180134
1698969600,183371
1699056000,185723
1699142400,189328
1699228800,190165
1699315200,188612
1699401600,188905
1699488000,212113
1699574400,207852
1699660800,205353
1699747200,204540
1699833600,205432
1699920000,197966
1700006400,205963
1700092800,196154
1700179200,196161
1700265600,196367
1700352000,201246
1700438400,202262
1700524800,193376
1700611200,206408
1700697600,206263
1700784000,208224
1700870400,208406
1700956800,206301
1701043200,202767
1701129600,204910
1701216000,202917
1701302400,205293
1701388800,208821
1701475200,216560
1701561600,219378
1701648000,224325
1701734400,229388
1701820800,223296
1701907200,235677
1701993600,235894
1702080000,234113
1702166400,235231
1702252800,222410
1702339200,220233
1702425600,226072
1702512000,231603
1702598400,222032
1702684800,222714
1702771200,219484
1702857600,221875
1702944000,217738
1703030400,220203
1703116800,223988
1703203200,232653
1703289600,230954
1703376000,226542
1703462400,227175
1703548800,223094
1703635200,238034
1703721600,234544
1703808000,229964
1703894400,229165
1703980800,228136
1704067200,235265
1704153600,235628
1704240000,221057
1704326400,226947
1704412800,227021
1704499200,224173
1704585600,222273
1704672000,233266
1704758400,234497
1704844800,258469
1704931200,261871
1705017600,252211
1705104000,257789
1705190400,247094
1705276800,251012
1705363200,258691
1705449600,252809
1705536000,246860
1705622400,249005
1705708800,247031
1705795200,245535
1705881600,231154
1705968000,224132
1706054400,223413
1706140800,221750
1706227200,226733
1706313600,226797
1706400000,225660
1706486400,231751
1706572800,234310
1706659200,228177
1706745600,230334
1706832000,230785
1706918400,229587
1707004800,228868
1707091200,229916
1707177600,237220
1707264000,242433
1707350400,241979
1707436800,248762
1707523200,250087
1707609600,250791
1707696000,266056
1707782400,264160
1707868800,277751
1707955200,282535
1708041600,280405
1708128000,278700
1708214400,288140
1708300800,294500
1708387200,301527
1708473600,296867
1708560000,296967
1708646400,292210
1708732800,299235
1708819200,311281
1708905600,317824
1708992000,324369
1709078400,338634
1709164800,334224
1709251200,343590
1709337600,342365
1709424000,348957
1709510400,363185
1709596800,355793
1709683200,382119
1709769600,387446
1709856000,389197
1709942400,391328
1710028800,388186
1710115200,406575
1710201600,397943
1710288000,400746
1710374400,388080
1710460800,374244
1710547200,352008
1710633600,364161
1710720000,352031
1710806400,315844
1710892800,351666
1710979200,349208
1711065600,333708
1711152000,333049
1711238400,345445
1711324800,359096
1711411200,358760
1711497600,349977
1711584000,356110
1711670400,351149
1711756800,350756
1711843200,364598
1711929600,350552
1712016000,327940
1712102400,331224
1712188800,332917
1712275200,331912
1712361600,335240
1712448000,345385
1712534400,369470
1712620800,350483
1712707200,354556
1712793600,350321
1712880000,323912
1712966400,301151
1713052800,315826
1713139200,310300
1713225600,308542
1713312000,298512
1713398400,306569
1713484800,305795
1713571200,315704
1713657600,314811
1713744000,320155
1713830400,321978
1713916800,313910
1714003200,315547
1714089600,313007
1714176000,325323
1714262400,326243
1714348800,321573
1714435200,301146
1714521600,296882
1714608000,298641
1714694400,310377
1714780800,311752
1714867200,313709
1714953600,306319
1715040000,300591
1715126400,297331
1715212800,303593
1715299200,290958
1715385600,291182
1715472000,292797
1715558400,295016
1715644800,288064
1715731200,303346
1715817600,294517
1715904000,309344
1715990400,312372
1716076800,307068
1716163200,366158
1716249600,378936
1716336000,373633
1716422400,378161
1716508800,372714
1716595200,374923
1716681600,382434
1716768000,389126
1716854400,384039
1716940800,376222
1717027200,374697
1717113600,375865
1717200000,381281
1717286400,377906
1717372800,376632
1717459200,381073
1717545600,386646
1717632000,381205
1717718400,367679
1717804800,368084
1717891200,370600
1717977600,366599
1718064000,349732
1718150400,355925
1718236800,346779
1718323200,347974
1718409600,356661
1718496000,362237
1718582400,351008
1718668800,348227
1718755200,355897
1718841600,351094
1718928000,351728
1719014400,349425
1719100800,341862
1719187200,335054
1719273600,339391
1719360000,336946
1719446400,344580
1719532800,337380
1719619200,337352
1719705600,343282
1719792000,343883
1719878400,341641
1719964800,329216
1720051200,305881
1720137600,298207
1720224000,306754
1720310400,293120
1720396800,301849
1720483200,306644
1720569600,310044
1720656000,309949
1720742400,313462
1720828800,317667
1720915200,324612
1721001600,348550
1721088000,344619
1721174400,338766
1721260800,342594
1721347200,350600
1721433600,351885
1721520000,353646
1721606400,344105
1721692800,348307
1721779200,333515
1721865600,317448
1721952000,327489
1722038400,324936
1722124800,327015
1722211200,331794
1722297600,327841
1722384000,323184
1722470400,320067
1722556800,298572
1722643200,290209
1722729600,268808
1722816000,242039
1722902400,246239
1722988800,234350
1723075200,268362
1723161600,260021
1723248000,261064
1723334400,255567
1723420800,272307
1723507200,270360
1723593600,266198
1723680000,257039
1723766400,259370
1723852800,261492
1723939200,261258
1724025600,263747
1724112000,257325
1724198400,263139
1724284800,262357
1724371200,276481
1724457600,276986
1724544000,274752
1724630400,268115
1724716800,245829
1724803200,252873
1724889600,252797
1724976000,252602
1725062400,251301
1725148800,242606
1725235200,253822
1725321600,242440
1725408000,245036
1725494400,236789
1725580800,222452
1725667200,227345
1725753600,229739
1725840000,236000
1725926400,238883
1726012800,234073
1726099200,236191
1726185600,244128
1726272000,241852
1726358400,231646
1726444800,229553
1726531200,234221
1726617600,237501
1726704000,246583
1726790400,256188
1726876800,261327
1726963200,258143
1727049600,264717
1727136000,265341
1727222400,257969
1727308800,263281
1727395200,269548
1727481600,267603
1727568000,265808
1727654400,260163
1727740800,244754
1727827200,236364
1727913600,234981
1728000000,241467
1728086400,241479
1728172800,243996
1728259200,242214
1728345600,243967
1728432000,236844
1728518400,238440
1728604800,243903
1728691200,247593
1728777600,246812
1728864000,262902
1728950400,260692
1729036800,261095
1729123200,260510
1729209600,264222
1729296000,264812
1729382400,274640
1729468800,266590
1729555200,262131
1729641600,252233
1729728000,253454
1729814400,243620
1729900800,247970
1729987200,250521
1730073600,256582
1730160000,263816
1730246400,265835
1730332800,251504
1730419200,251039
1730505600,249341
1730592000,245666
1730678400,239687
1730764800,242240
1730851200,272461
1730937600,289752
1731024000,296398
1731110400,312799
1731196800,318606
1731283200,337579
1731369600,324718
1731456000,319132
1731542400,305911
1731628800,309103
1731715200,313446
1731801600,307678
1731888000,320954
1731974400,311210
1732060800,307239
1732147200,335982
1732233600,333189
1732320000,339731
1732406400,336481
1732492800,341486
1732579200,332346
1732665600,365771
1732752000,357962
1732838400,359372
1732924800,370622
1733011200,371038
1733097600,364473
1733184000,361760
1733270400,384515
1733356800,378923
1733443200,400527
1733529600,400053
1733616000,400711
1733702400,371419
1733788800,363062
1733875200,383497
1733961600,388265
1734048000,390767
1734134400,386958
1734220800,395780
1734307200,398750
1734393600,389355
1734480000,362467
1734566400,341447
1734652800,347082
1734739200,333738
1734825600,327890
1734912000,341824
1734998400,349108
1735084800,349417
1735171200,333104
1735257600,332867
1735344000,339786
1735430400,335043
1735516800,335645
1735603200,333115
1735689600,335328
1735776000,345259
1735862400,360783
1735948800,365645
1736035200,363529
1736121600,368883
1736208000,338043
1736294400,332654
1736380800,321905
1736467200,326641
1736553600,328196
1736640000,326623
1736726400,313646
1736812800,322435
1736899200,345152
1736985600,330752
1737072000,347527
1737158400,330442
1737244800,321082
1737331200,328040
1737417600,332764
1737504000,324151
1737590400,333870
1737676800,330974
1737763200,331845
1737849600,323179
1737936000,318165
1738022400,307583
1738108800,311410
1738195200,324740
1738281600,330004
1738368000,311661
1738454400,286916
1738540800,288308
1738627200,273209
1738713600,278852
1738800000,268696
1738886400,262267
1738972800,263276
1739059200,262784
1739145600,266194
1739232000,260222
1739318400,273857
1739404800,267625
1739491200,272602
1739577600,269356
1739664000,266159
1739750400,274413
1739836800,267043
1739923200,271547
1740009600,273898
1740096000,266160
1740182400,276354
1740268800,281992
1740355200,251365
1740441600,249248
1740528000,233312
1740614400,230551
1740700800,223653
1740787200,221672
1740873600,251851
1740960000,214750
1741046400,217113
1741132800,224170
1741219200,220260
1741305600,214093
1741392000,220324
1741478400,202001
1741564800,186438
1741651200,192298
1741737600,190790
1741824000,186387
1741910400,191153
1741996800,193746
1742083200,188694
1742169600,192641
1742256000,193153
1742342400,205692
1742428800,198266
1742515200,196508
1742601600,198040
1742688000,200605
1742774400,208153
1742860800,206662
1742947200,200964
1743033600,200330
1743120000,189615
1743206400,182768
1743292800,180748
1743379200,182214
1743465600,190523
1743552000,179463
1743638400,181631
1743724800,181625
1743811200,180519
1743897600,157965
1743984000,155242
1744070400,147215
1744156800,166900
1744243200,152151
1744329600,156602
1744416000,164384
1744502400,159718
1744588800,162379
1744675200,158870
1744761600,157724
1744848000,158368
1744934400,158856
1745020800,161274
1745107200,158731
1745193600,157970
1745280000,175704
1745366400,179587
1745452800,177044
1745539200,178594
1745625600,182145
1745712000,179185
1745798400,180019
1745884800,179847
1745971200,179383
1746057600,183883
1746144000,184284
1746230400,183395
1746316800,180900
1746403200,182005
1746489600,181698
1746576000,181134
1746662400,220719
1746748800,234532
1746835200,258377
1746921600,251475
1747008000,249556
1747094400,268004
1747180800,261007
1747267200,254900
1747353600,253778
1747440000,247616
1747526400,249872
1747612800,252866
1747699200,252510
1747785600,255221
1747872000,266510
1747958400,252690
1748044800,253092
1748131200,255223
1748217600,256447
1748304000,266200
1748390400,268210
1748476800,263182
1748563200,253179
1748649600,252932
1748736000,254045
1748822400,260907
1748908800,259488
1748995200,260828
1749081600,241585
1749168000,247831
1749254400,252617
1749340800,251078
1749427200,268127
1749513600,281615
1749600000,277257
1749686400,264451
1749772800,258025
1749859200,253275
1749945600,254841
1750032000,254523
1750118400,251096
1750204800,252585
1750291200,252184
1750377600,240722
1750464000,229694
1750550400,222857
1750636800,241317
1750723200,244969
1750809600,242023
1750896000,241750
1750982400,242442
1751068800,243755
1751155200,250126
1751241600,248637
1751328000,240570
1751414400,257133
1751500800,259204
1751587200,250869
1751673600,251709
1751760000,257114
1751846400,254250
1751932800,261629
1752019200,276999
1752105600,295131
1752192000,295903
1752278400,294427
1752364800,297301
1752451200,301466
1752537600,313933
1752624000,337310
1752710400,347948
1752796800,354956
1752883200,359434
1752969600,375864
1753056000,376426
1753142400,374864
1753228800,363021
1753315200,370876
1753401600,372601
1753488000,374279
1753574400,387412
1753660800,379895
1753747200,379346
1753833600,381029
1753920000,369819
1754006400,348702
1754092800,339340
1754179200,349760
1754265600,372093
1754352000,361181
1754438400,368411
1754524800,391167
1754611200,401054
1754697600,426292
1754784000,425223
1754870400,422495
1754956800,458980
1755043200,475185
1755129600,455057
1755216000,444312
1755302400,442522
1755388800,447546
1755475200,431529
1755561600,407570
1755648000,433633
1755734400,422496
1755820800,483060
1755907200,477718
1755993600,478000
1756080000,437767
1756166400,460195
1756252800,450743
1756339200,451213
1756425600,436069
1756512000,437494
1756598400,439243
1756684800,431485
1756771200,432652
1756857600,445233
1756944000,429854
1757030400,430757
1757116800,427453
1757203200,430618
1757289600,430662
1757376000,431010
1757462400,435010
1757548800,446111
1757635200,471514
1757721600,466905
1757808000,460666
1757894400,452527
1757980800,450326
1758067200,459235
1758153600,458964
1758240000,447156
1758326400,448283
1758412800,444753
1758499200,420286
1758585600,416570
1758672000,415460
1758758400,387607
1758844800,403483
1758931200,402082
1759017600,414389
1759104000,421807
1759190400,414638
1759276800,435053
1759363200,448789
1759449600,451600
1759536000,448984
1759622400,451592
1759708800,468654
1759795200,444996
1759881600,452774
1759968000,437091
1760054400,383792
1760140800,375088
1760227200,415686
1760313600,424501
1760400000,412737
1760486400,398816
1760572800,389541
1760659200,383318
1760745600,389070
1760832000,398490
1760918400,398110
1761004800,387511
1761091200,380662
1761177600,385838
1761264000,393624
1761350400,395472
1761436800,416020
1761523200,412147
1761609600,398151
1761696000,390434
1761782400,380435
1761868800,384674
1761955200,387294
1762041600,390669
1762128000,360383
1762214400,328689
1762300800,342412
1762387200,331399
1762473600,343431
1762560000,340093
1762646400,358312
1762732800,356673
1762819200,341651
1762905600,341445
1762992000,323003
1763078400,311038
1763164800,316661
1763251200,309343
1763337600,302829
1763424000,312236
1763510400,302323
1763596800,283093
1763683200,276476
1763769600,276891
1763856000,280151
1763942400,295306
1764028800,295883
1764115200,302690
1764201600,301529
1764288000,303220
1764374400,299056
1764460800,299233
1764547200,279909
1764633600,299713
1764720000,318979
1764806400,313424
1764892800,302297
1764979200,303934
1765065600,306097
1765152000,312490
1765238400,331905
1765324800,332503
1765411200,323800
1765497600,308493
1765584000,311534
1765670400,306314
1765756800,296440
1765843200,296209
1765929600,283259
1766016000,282697
1766102400,297823
1766188800,297706
1766275200,300160
1766361600,300785
1766448000,296344
1766534400,294571
1766620800,290263
1766707200,292605
1766793600,294705
1766880000,294922
1766966400,293512
1767052800,297074
1767139200,296753
1767225600,300079
1767312000,312471
1767398400,312576
1767484800,314348
1767571200,322524
1767657600,329576
1767744000,316602
1767830400,310430
1767916800,308450
1768003200,308233
1768089600,311882
1768176000,309218
1768262400,332352
1768348800,335493
1768435200,331830
1768521600,329530
1768608000,330935
1768694400,328270
1768780800,318763
1768867200,293690
1768953600,297998
1769040000,295000
1769126400,295329
1769212800,294921
1769299200,281460
1769385600,292758
1769472000,302249
1769558400,300686
1769644800,281839
1769731200,270323
1769817600,244981
1769904000,226858
1769990400,234540
1770076800,223109
1770163200,214401
1770249600,182370
1770336000,206231
1770422400,208662
1770508800,208882
1770595200,210399
1770681600,202187
1770768000,194031
1770854400,194628
1770940800,204765
1771027200,208570
1771113600,196561
1771200000,199749
1771286400,199097
1771372800,195527
1771459200,194829
1771545600,196832
1771632000,197316
1771718400,195722
1771804800,185564
1771891200,185205
1771977600,205764
1772064000,202789
1772150400,192959
1772236800,196482
1772323200,193967
1772409600,202746
1772496000,198288
1772582400,212779
1772668800,207307
1772755200,197855
1772841600,196949
1772928000,193697
1773014400,199358
1773100800,203690
1773187200,205228
1773273600,207357
1773360000,209274
1773446400,209674
1773532800,217865
1773619200,235275
1773705600,231810
1773792000,220367
1773878400,213797
1773964800,214595
1774051200,208473
1774137600,205362
1774224000,215160
1774310400,215558
1774396800,216809
1774483200,205906
1774569600,199160
1774656000,199339
1774742400,198312
1774828800,202489
1774915200,210402
1775001600,214010
1775088000,205685
1775174400,205348
1775260800,206529
1775347200,210927
1775433600,210732
1775520000,223984
1775606400,219030
1775692800,219018
1775779200,224618
1775865600,228583
1775952000,219180
1776038400,237021
1776124800,232348
1776211200,236057
1776297600,234877
1776384000,241996
1776470400,235139
1776556800,226390
1776643200,231478
1776729600,232840
1776816000,237522
1776902400,233118
1776988800,231587
1777075200,231994
1777161600,237024
1777248000,230359
1777334400,228946
1777420800,225216
1777507200,225674
1777593600,229542
1777680000,231684
1777766400,232256
1777852800,234695
1777939200,236069
1778025600,235072
1778112000,229086
1778198400,230728
1778284800,232624
1778371200,237083
1778457600,233951
1778544000,227467
1778630400,225790
1778716800,228311
1778803200,222324
1778889600,217993
1778976000,218971
